<?xml version="1.0" encoding="UTF-8"?>
<rss version="2.0" xmlns:ror="http://rorweb.com/0.1/" >
<channel>
  <title>ROR Sitemap for https://www.bizzeonline.com/index.php</title>
  <link>https://www.bizzeonline.com/index.php</link>

<item>
     <link>https://www.bizzeonline.com/index.php</link>
     <title>BizzeOnline Website Design Company Gurgaon | SEO Services</title>
     <description>BizzeOnline is Website Design and Development Company In Gurgaon, SEO Services Company Gurgaon with team of website designer and developer.</description>
     <ror:updatePeriod></ror:updatePeriod>
     <ror:sortOrder>0</ror:sortOrder>
     <ror:resourceOf>sitemap</ror:resourceOf>
</item>
<item>
     <link>https://www.bizzeonline.com/services.php</link>
     <title>Bizzeonline | Website Design aand Development Company Services Gurgaon India</title>
     <description>Bizzeonline deals with Website Design services In Gurgaon: One of the Best Website Design Development Company Gurgaon India. Best Seo Company Gurgaon</description>
     <ror:updatePeriod></ror:updatePeriod>
     <ror:sortOrder>1</ror:sortOrder>
     <ror:resourceOf>sitemap</ror:resourceOf>
</item>
<item>
     <link>https://www.bizzeonline.com/website-design-company.php</link>
     <title>BizzeOnline | Website Design Company Gurgaon India</title>
     <description>BizzeOnline is Website Design Company In Gurgaon India. One of the Best Website Design Company Gurgaon.Top web design company gurgaon</description>
     <ror:updatePeriod></ror:updatePeriod>
     <ror:sortOrder>1</ror:sortOrder>
     <ror:resourceOf>sitemap</ror:resourceOf>
</item>
<item>
     <link>https://www.bizzeonline.com/website-development-company.php</link>
     <title>Bizzeonline Website Development and SEO Company Gurgaon</title>
     <description>Bizzeonline is Website Development Company In Gurgaon: One of the Best SEO Company Gurgaon India. Contact 8178567042 or info@bizzeonline.com</description>
     <ror:updatePeriod></ror:updatePeriod>
     <ror:sortOrder>1</ror:sortOrder>
     <ror:resourceOf>sitemap</ror:resourceOf>
</item>
<item>
     <link>https://www.bizzeonline.com/ecommerce-services.php</link>
     <title>Bizzeonline | Ecommerce Services | Ecommerce Website Design Company |Ecommerce App Development company</title>
     <description>Bizzeonline is Ecommerce Website Design Company In Gurgaon: One of the Best Ecommerce Website Design Company Gurgaon India. Ranked among the Top Ecommerce Website Design Company gurgaon</description>
     <ror:updatePeriod></ror:updatePeriod>
     <ror:sortOrder>1</ror:sortOrder>
     <ror:resourceOf>sitemap</ror:resourceOf>
</item>
<item>
     <link>https://www.bizzeonline.com/mobile-app-development-company.php</link>
     <title>Bizzeonline | Mobile App Development Company Gurgaon India |Software Development Company</title>
     <description>Bizzeonline is Mobile App Development Company In Gurgaon: One of the Best Mobile App Development Company Gurgaon India. Ranked among the Top website development company gurgaon</description>
     <ror:updatePeriod></ror:updatePeriod>
     <ror:sortOrder>1</ror:sortOrder>
     <ror:resourceOf>sitemap</ror:resourceOf>
</item>
<item>
     <link>https://www.bizzeonline.com/software-development-company.php</link>
     <title>Bizzeonline | Software Development Company Gurgaon India</title>
     <description>Bizzeonline is Software Development Company Gurgaon India. Team of professional frontend developer . Contact 8178567042 or info@bizzeonline.com</description>
     <ror:updatePeriod></ror:updatePeriod>
     <ror:sortOrder>1</ror:sortOrder>
     <ror:resourceOf>sitemap</ror:resourceOf>
</item>
<item>
     <link>https://www.bizzeonline.com/digital-marketing-company.php</link>
     <title>Bizzeonline | Digital Marketing and SEO Company Gurgaon</title>
     <description>Bizzeonline is Digital Marketing Company In Gurgaon: One of the Best Seo Company Gurgaon India. Contact 8178567042 or info@bizzeonline.com</description>
     <ror:updatePeriod></ror:updatePeriod>
     <ror:sortOrder>1</ror:sortOrder>
     <ror:resourceOf>sitemap</ror:resourceOf>
</item>
<item>
     <link>https://www.bizzeonline.com/ui-designing.php</link>
     <title>Bizzeonline | Mobile App Development Company Gurgaon India |Software Development Company</title>
     <description>Bizzeonline is Mobile App Development Company In Gurgaon: One of the Best Mobile App Development Company Gurgaon India. Ranked among the Top website development company gurgaon</description>
     <ror:updatePeriod></ror:updatePeriod>
     <ror:sortOrder>1</ror:sortOrder>
     <ror:resourceOf>sitemap</ror:resourceOf>
</item>
<item>
     <link>https://www.bizzeonline.com/technology.php</link>
     <title>Bizzeonline | Website Frontend and Backend Technology | Backend and Frontend Developer</title>
     <description>Bizzeonline work with the latest frontend and backend technology with a team of Frontend Designer and Backend Developer in gurgaon</description>
     <ror:updatePeriod></ror:updatePeriod>
     <ror:sortOrder>1</ror:sortOrder>
     <ror:resourceOf>sitemap</ror:resourceOf>
</item>
<item>
     <link>https://www.bizzeonline.com/technology-backend.php</link>
     <title>Bizzeonline | Website Backend Technology | Backend Developer Gurgaon</title>
     <description>Bizzeonline deals with latest website backend technology with team of professional website backend developer in gurgaon also bizzeonline manages backend on amc basis</description>
     <ror:updatePeriod></ror:updatePeriod>
     <ror:sortOrder>1</ror:sortOrder>
     <ror:resourceOf>sitemap</ror:resourceOf>
</item>
<item>
     <link>https://www.bizzeonline.com/technology-frontend.php</link>
     <title>Bizzeonline | Website Frontend Technology and Developer</title>
     <description>Bizzeonline use latest frontend technology for website design. Team of professional frontend developer . Contact 8178567042 or info@bizzeonline.com</description>
     <ror:updatePeriod></ror:updatePeriod>
     <ror:sortOrder>1</ror:sortOrder>
     <ror:resourceOf>sitemap</ror:resourceOf>
</item>
<item>
     <link>https://www.bizzeonline.com/technology-cms-frameworks.php</link>
     <title>Bizzeonline | CMS Developer | Content Management System Company Gurgaon</title>
     <description>Bizzeonline working in website and software backend with latest technology with team of professional website backend developer</description>
     <ror:updatePeriod></ror:updatePeriod>
     <ror:sortOrder>1</ror:sortOrder>
     <ror:resourceOf>sitemap</ror:resourceOf>
</item>
<item>
     <link>https://www.bizzeonline.com/technology-app-development.php</link>
     <title>Bizzeonline | Best Technology For Mobile App | App Development Company</title>
     <description>Bizzeonline is Mobile App Development Company In Gurgaon: One of the Best Mobile App Development Company Gurgaon India. Best SEO Company Gurgaon</description>
     <ror:updatePeriod></ror:updatePeriod>
     <ror:sortOrder>1</ror:sortOrder>
     <ror:resourceOf>sitemap</ror:resourceOf>
</item>
<item>
     <link>https://www.bizzeonline.com/healthcare-and-medical-website-design-company.php</link>
     <title>Bizzeonline | Healthcare and Medical Website Design Company | SEO Service Company</title>
     <description>Bizzeonline is Healthcare and Medical Website Development Company In Gurgaon: One of the Best Healthcare and Medical Website Design Company Gurgaon India. Ranked among the Top Healthcare and Medical website development company gurgaon</description>
     <ror:updatePeriod></ror:updatePeriod>
     <ror:sortOrder>1</ror:sortOrder>
     <ror:resourceOf>sitemap</ror:resourceOf>
</item>
<item>
     <link>https://www.bizzeonline.com/educational-and-institutional-website-design-company.php</link>
     <title>Bizzeonline | Educational and Institutional Website Design Company</title>
     <description>Bizzeonline is Educational and Institutional Website Design Company In Gurgaon: One of the BestEducational and Institutional Website Design Company Gurgaon India</description>
     <ror:updatePeriod></ror:updatePeriod>
     <ror:sortOrder>1</ror:sortOrder>
     <ror:resourceOf>sitemap</ror:resourceOf>
</item>
<item>
     <link>https://www.bizzeonline.com/finance-and-accounting-website-design-company.php</link>
     <title>Bizzeonline | Finance and Accounting Website Design Company Gurgaon</title>
     <description>Bizzeonline is Finance and Accounting Website Development Company In Gurgaon: One of the Best Finance and Accounting Website Company Gurgaon India. Top Finance and accounting seo service</description>
     <ror:updatePeriod></ror:updatePeriod>
     <ror:sortOrder>1</ror:sortOrder>
     <ror:resourceOf>sitemap</ror:resourceOf>
</item>
<item>
     <link>https://www.bizzeonline.com/real-estate-and-construction-website-design-company.php</link>
     <title>Bizzeonline | Real Estate and Construction Website Design Gurgaon | SEO Service Company Gurgaon</title>
     <description>Bizzeonline is Real Estate and Construction Website Design Company In Gurgaon: One of the Best Real Estate and Construction Website Development Company Gurgaon India. Ranked among the top Real Estate and Construction SEO Service Company Gurgaon</description>
     <ror:updatePeriod></ror:updatePeriod>
     <ror:sortOrder>1</ror:sortOrder>
     <ror:resourceOf>sitemap</ror:resourceOf>
</item>
<item>
     <link>https://www.bizzeonline.com/industrial-and-automation-website-design-company.php</link>
     <title>Bizzeonline | Industrial and Automation Website Design Company | SEO Company</title>
     <description>Bizzeonline is Industrial and Automation Website Design Company In Gurgaon: One of the Best Industrial and Automation Website Company. Best Industrial and Automation Seo Service</description>
     <ror:updatePeriod></ror:updatePeriod>
     <ror:sortOrder>1</ror:sortOrder>
     <ror:resourceOf>sitemap</ror:resourceOf>
</item>
<item>
     <link>https://www.bizzeonline.com/tour-and-travel-website-design-company.php</link>
     <title>Bizzeonline | Tour And Travel Website Design Company | SEO Company</title>
     <description>Bizzeonline is Tour And Travel Website Development Company In Gurgaon: One of the Best Tour And Travel Website Design Company Gurgaon India.Best SEO Company</description>
     <ror:updatePeriod></ror:updatePeriod>
     <ror:sortOrder>1</ror:sortOrder>
     <ror:resourceOf>sitemap</ror:resourceOf>
</item>
<item>
     <link>https://www.bizzeonline.com/media-and-entertainment-website-design-company.php</link>
     <title>Bizzeonline | Media and Entertainment Website Design Company | SEO Company</title>
     <description>Bizzeonline is Media and Entertainment Website Design Company In Gurgaon: One of the Best Media and Entertainment Website Service company Gurgaon India. SEO Company Gurgaon</description>
     <ror:updatePeriod></ror:updatePeriod>
     <ror:sortOrder>1</ror:sortOrder>
     <ror:resourceOf>sitemap</ror:resourceOf>
</item>
<item>
     <link>https://www.bizzeonline.com/about.php</link>
     <title>About Bizzeonline | Website Design &amp; SEO Company Gurgaon</title>
     <description>BizzeOnline is Website Design &amp; SEO Company In Gurgaon: One of the Best Website Design Company Gurgaon. Top SEO company gurgaon</description>
     <ror:updatePeriod></ror:updatePeriod>
     <ror:sortOrder>1</ror:sortOrder>
     <ror:resourceOf>sitemap</ror:resourceOf>
</item>
<item>
     <link>https://www.bizzeonline.com/team.php</link>
     <title>Bizzeonline | Website Designer and Developer Team Gurgaon India |SEO Company Gurgaon</title>
     <description>Bizzeonline is Team of professional website designer and developer in gurgaon. Website Design Company In Gurgaon: One of the Best Seo Company In gurgaon</description>
     <ror:updatePeriod></ror:updatePeriod>
     <ror:sortOrder>1</ror:sortOrder>
     <ror:resourceOf>sitemap</ror:resourceOf>
</item>
<item>
     <link>https://www.bizzeonline.com/career.php</link>
     <title>Career in Website Design Company In Gurgaon | Bizzeonline</title>
     <description>Bizzeonline have a vacancy of Website Frontend Designer and backend Developer Jobs in gurgaon. Contact 8178567042 or info@bizzeonline.com</description>
     <ror:updatePeriod></ror:updatePeriod>
     <ror:sortOrder>1</ror:sortOrder>
     <ror:resourceOf>sitemap</ror:resourceOf>
</item>
<item>
     <link>https://www.bizzeonline.com/login.php</link>
     <title>Login-Bizzeonline | Website Design Company Gurgaon India |Software Development Company</title>
     <description>Bizzeonline is Website Design Company In Gurgaon: One of the Best Website Design Company Company Gurgaon India. Ranked among the Top website development company gurgaon</description>
     <ror:updatePeriod></ror:updatePeriod>
     <ror:sortOrder>1</ror:sortOrder>
     <ror:resourceOf>sitemap</ror:resourceOf>
</item>
<item>
     <link>https://www.bizzeonline.com/portfolio.php</link>
     <title>BizzeOnline | Website Design Company Gurgaon Portfolio</title>
     <description>BizzeOnline is Website Design &amp; Development Company In Gurgaon: One of the Best Website Design Development Company Gurgaon India</description>
     <ror:updatePeriod></ror:updatePeriod>
     <ror:sortOrder>1</ror:sortOrder>
     <ror:resourceOf>sitemap</ror:resourceOf>
</item>
<item>
     <link>https://www.bizzeonline.com/contact.php</link>
     <title>Contact Website Design and SEO Company Gurgaon</title>
     <description>Contact Bizzeonline Website Design and Seo Company In Gurgaon. Trusted Best Website Company Gurgaon. Contact 8178567042 or info@bizzeonline.com</description>
     <ror:updatePeriod></ror:updatePeriod>
     <ror:sortOrder>1</ror:sortOrder>
     <ror:resourceOf>sitemap</ror:resourceOf>
</item>
<item>
     <link>https://www.bizzeonline.com/</link>
     <title>BizzeOnline Website Design Company Gurgaon | SEO Services</title>
     <description>BizzeOnline is Website Design and Development Company In Gurgaon, SEO Services Company Gurgaon with team of website designer and developer.</description>
     <ror:updatePeriod></ror:updatePeriod>
     <ror:sortOrder>1</ror:sortOrder>
     <ror:resourceOf>sitemap</ror:resourceOf>
</item>
<item>
     <link>https://www.bizzeonline.com/website-designer-gurgaon.php</link>
     <title>BizzeOnline | Team of professional Website Designer Gurgaon India</title>
     <description>Bizzeonline have a team of professional Website Designer In Gurgaon: Our Website Designer are professional and certified. Contact 8178567042</description>
     <ror:updatePeriod></ror:updatePeriod>
     <ror:sortOrder>2</ror:sortOrder>
     <ror:resourceOf>sitemap</ror:resourceOf>
</item>
<item>
     <link>https://www.bizzeonline.com/website-design-company-gurgaon.php</link>
     <title>BizzeOnline | Website Design and SEO company Gurgaon India</title>
     <description>Bizzeonline is Website Design Company In Gurgaon: One of the Best SEO Company Gurgaon India. Contact 8178567042 or info@bizzeonline.com</description>
     <ror:updatePeriod></ror:updatePeriod>
     <ror:sortOrder>2</ror:sortOrder>
     <ror:resourceOf>sitemap</ror:resourceOf>
</item>
<item>
     <link>https://www.bizzeonline.com/apply-job.php</link>
     <title>Apply Website Frontend &amp; Backend Developers Jobs Gurgaon</title>
     <description>Bizzeonline have a vacancy of Website Frontend Designer Job and Website Backend Developer Job in Gurgaon. Contact 8178567042 or info@bizzeonline.com</description>
     <ror:updatePeriod></ror:updatePeriod>
     <ror:sortOrder>2</ror:sortOrder>
     <ror:resourceOf>sitemap</ror:resourceOf>
</item>
<item>
     <link>https://www.bizzeonline.com/website-design-company-sector-4-gurgaon.php</link>
     <title>BizzeOnline | Website Design Company Sector 4 Gurgaon India | Web Design company Sector 4 Gurgaon</title>
     <description>BizzeOnline is Website Design Company In Sector 4 Gurgaon: One of the Best Web Design Company Sector 4 Gurgaon India. Ranked among the Top web design company Sector 4 gurgaon india</description>
     <ror:updatePeriod></ror:updatePeriod>
     <ror:sortOrder>3</ror:sortOrder>
     <ror:resourceOf>sitemap</ror:resourceOf>
</item>
<item>
     <link>https://www.bizzeonline.com/website-design-company-sector-9-gurgaon.php</link>
     <title>BizzeOnline | Website Design Company Sector 9 Gurgaon India | Web Design company Sector 9 Gurgaon</title>
     <description>BizzeOnline is Website Design Company In Sector 9 Gurgaon: One of the Best Web Design Company Sector 9 Gurgaon India. Ranked among the Top web design company Sector 9 gurgaon india</description>
     <ror:updatePeriod></ror:updatePeriod>
     <ror:sortOrder>3</ror:sortOrder>
     <ror:resourceOf>sitemap</ror:resourceOf>
</item>
<item>
     <link>https://www.bizzeonline.com/website-design-company-sector-10-gurgaon.php</link>
     <title>BizzeOnline | Website Design Company Sector 10 Gurgaon India | Web Design company Sector 10 Gurgaon</title>
     <description>BizzeOnline is Website Design Company In Sector 10 Gurgaon: One of the Best Web Design Company Sector 10 Gurgaon India. Ranked among the Top web design company Sector 10 gurgaon india</description>
     <ror:updatePeriod></ror:updatePeriod>
     <ror:sortOrder>3</ror:sortOrder>
     <ror:resourceOf>sitemap</ror:resourceOf>
</item>
<item>
     <link>https://www.bizzeonline.com/website-design-company-sector-14-gurgaon.php</link>
     <title>BizzeOnline | Website Design Company Gurgaon India | Web Design company Gurgaon</title>
     <description>BizzeOnline is Website Design Company In Gurgaon: One of the Best Web Design Company Gurgaon India. Ranked among the Top web design company gurgaon india</description>
     <ror:updatePeriod></ror:updatePeriod>
     <ror:sortOrder>3</ror:sortOrder>
     <ror:resourceOf>sitemap</ror:resourceOf>
</item>
<item>
     <link>https://www.bizzeonline.com/website-design-company-sector-15-gurgaon.php</link>
     <title>BizzeOnline | Website Design Company Sector 15 Gurgaon India | Web Design company Sector 15 Gurgaon</title>
     <description>BizzeOnline is Website Design Company In Sector 15 Gurgaon: One of the Best Web Design Company Sector 15 Gurgaon India. Ranked among the Top web design company Sector 15 gurgaon india</description>
     <ror:updatePeriod></ror:updatePeriod>
     <ror:sortOrder>3</ror:sortOrder>
     <ror:resourceOf>sitemap</ror:resourceOf>
</item>
<item>
     <link>https://www.bizzeonline.com/website-design-company-sector-17-gurgaon.php</link>
     <title>BizzeOnline | Website Design Company Sector 17 Gurgaon India | Web Design company Sector 17 Gurgaon</title>
     <description>BizzeOnline is Website Design Company In Sector 17 Gurgaon: One of the Best Web Design Company Sector 17 Gurgaon India. Ranked among the Top web design company Sector 17 gurgaon india</description>
     <ror:updatePeriod></ror:updatePeriod>
     <ror:sortOrder>3</ror:sortOrder>
     <ror:resourceOf>sitemap</ror:resourceOf>
</item>
<item>
     <link>https://www.bizzeonline.com/website-design-company-sector-18-gurgaon.php</link>
     <title>BizzeOnline | Website Design Company Sector 18 Gurgaon India | Web Design company Sector 18 Gurgaon</title>
     <description>BizzeOnline is Website Design Company In Sector 18 Gurgaon: One of the Best Web Design Company Sector 18 Gurgaon India. Ranked among the Top web design company Sector 18 gurgaon india</description>
     <ror:updatePeriod></ror:updatePeriod>
     <ror:sortOrder>3</ror:sortOrder>
     <ror:resourceOf>sitemap</ror:resourceOf>
</item>
<item>
     <link>https://www.bizzeonline.com/website-design-company-sector-29-gurgaon.php</link>
     <title>BizzeOnline | Website Design Company Sector 29 Gurgaon India | Web Design company Sector 29 Gurgaon</title>
     <description>BizzeOnline is Website Design Company In Sector 29 Gurgaon: One of the Best Web Design Company Sector 29 Gurgaon India. Ranked among the Top web design company Sector 29 gurgaon india</description>
     <ror:updatePeriod></ror:updatePeriod>
     <ror:sortOrder>3</ror:sortOrder>
     <ror:resourceOf>sitemap</ror:resourceOf>
</item>
<item>
     <link>https://www.bizzeonline.com/website-design-company-sector-30-gurgaon.php</link>
     <title>BizzeOnline | Website Design Company Sector 30 Gurgaon India | Web Design company Sector 30 Gurgaon</title>
     <description>BizzeOnline is Website Design Company In Sector 30 Gurgaon: One of the Best Web Design Company Sector 30 Gurgaon India. Ranked among the Top web design company Sector 30 gurgaon india</description>
     <ror:updatePeriod></ror:updatePeriod>
     <ror:sortOrder>3</ror:sortOrder>
     <ror:resourceOf>sitemap</ror:resourceOf>
</item>
<item>
     <link>https://www.bizzeonline.com/website-design-company-sector-31-gurgaon.php</link>
     <title>BizzeOnline | Website Design Company Sector 31 Gurgaon India | Web Design company Sector 31 Gurgaon</title>
     <description>BizzeOnline is Website Design Company In Sector 31 Gurgaon: One of the Best Web Design Company Sector 31 Gurgaon India. Ranked among the Top web design company Sector 31 gurgaon india</description>
     <ror:updatePeriod></ror:updatePeriod>
     <ror:sortOrder>3</ror:sortOrder>
     <ror:resourceOf>sitemap</ror:resourceOf>
</item>
<item>
     <link>https://www.bizzeonline.com/website-design-company-sector-44-gurgaon.php</link>
     <title>BizzeOnline | Website Design Company Sector 44 Gurgaon India | Web Design company Sector 44 Gurgaon</title>
     <description>BizzeOnline is Website Design Company In Sector 44 Gurgaon: One of the Best Web Design Company Sector 44 Gurgaon India. Ranked among the Top web design company Sector 44 gurgaon india</description>
     <ror:updatePeriod></ror:updatePeriod>
     <ror:sortOrder>3</ror:sortOrder>
     <ror:resourceOf>sitemap</ror:resourceOf>
</item>
<item>
     <link>https://www.bizzeonline.com/website-design-company-sector-45-gurgaon.php</link>
     <title>BizzeOnline | Website Design Company Sector 45 Gurgaon India | Web Design company Sector 45 Gurgaon</title>
     <description>BizzeOnline is Website Design Company In Sector 45 Gurgaon: One of the Best Web Design Company Sector 45 Gurgaon India. Ranked among the Top web design company Sector 45 gurgaon india</description>
     <ror:updatePeriod></ror:updatePeriod>
     <ror:sortOrder>3</ror:sortOrder>
     <ror:resourceOf>sitemap</ror:resourceOf>
</item>
<item>
     <link>https://www.bizzeonline.com/website-design-company-sector-50-gurgaon.php</link>
     <title>BizzeOnline | Website Design Company Sector 50 Gurgaon India | Web Design company Sector 50 Gurgaon</title>
     <description>BizzeOnline is Website Design Company In Sector 50 Gurgaon: One of the Best Web Design Company Sector 50 Gurgaon India. Ranked among the Top web design company Sector 50 gurgaon india</description>
     <ror:updatePeriod></ror:updatePeriod>
     <ror:sortOrder>3</ror:sortOrder>
     <ror:resourceOf>sitemap</ror:resourceOf>
</item>
<item>
     <link>https://www.bizzeonline.com/website-design-company-sector-51-gurgaon.php</link>
     <title>BizzeOnline | Website Design Company Sector 51 Gurgaon India | Web Design company Sector 51 Gurgaon</title>
     <description>BizzeOnline is Website Design Company In Sector 51 Gurgaon: One of the Best Web Design Company Sector 51 Gurgaon India. Ranked among the Top web design company Sector 51 gurgaon india</description>
     <ror:updatePeriod></ror:updatePeriod>
     <ror:sortOrder>3</ror:sortOrder>
     <ror:resourceOf>sitemap</ror:resourceOf>
</item>
<item>
     <link>https://www.bizzeonline.com/website-design-company-sector-52-gurgaon.php</link>
     <title>BizzeOnline | Website Design Company Sector 52 Gurgaon India | Web Design company Sector 52 Gurgaon</title>
     <description>BizzeOnline is Website Design Company In Sector 52 Gurgaon: One of the Best Web Design Company Sector 52 Gurgaon India. Ranked among the Top web design company Sector 52 gurgaon india</description>
     <ror:updatePeriod></ror:updatePeriod>
     <ror:sortOrder>3</ror:sortOrder>
     <ror:resourceOf>sitemap</ror:resourceOf>
</item>
<item>
     <link>https://www.bizzeonline.com/website-design-company-sector-53-gurgaon.php</link>
     <title>BizzeOnline | Website Design Company Sector 53 Gurgaon India | Web Design company Sector 53 Gurgaon</title>
     <description>BizzeOnline is Website Design Company In Sector 53 Gurgaon: One of the Best Web Design Company Sector 53 Gurgaon India. Ranked among the Top web design company Sector 53 gurgaon india</description>
     <ror:updatePeriod></ror:updatePeriod>
     <ror:sortOrder>3</ror:sortOrder>
     <ror:resourceOf>sitemap</ror:resourceOf>
</item>
<item>
     <link>https://www.bizzeonline.com/website-design-company-sector-54-gurgaon.php</link>
     <title>BizzeOnline | Website Design Company Sector 54 Gurgaon India | Web Design company Sector 54 Gurgaon</title>
     <description>BizzeOnline is Website Design Company In Sector 54 Gurgaon: One of the Best Web Design Company Sector 54 Gurgaon India. Ranked among the Top web design company Sector 54 gurgaon india</description>
     <ror:updatePeriod></ror:updatePeriod>
     <ror:sortOrder>3</ror:sortOrder>
     <ror:resourceOf>sitemap</ror:resourceOf>
</item>
<item>
     <link>https://www.bizzeonline.com/website-design-company-sector-55-gurgaon.php</link>
     <title>BizzeOnline | Website Design Company Sector 55 Gurgaon India | Web Design company Sector 55 Gurgaon</title>
     <description>BizzeOnline is Website Design Company In Sector 55 Gurgaon: One of the Best Web Design Company Sector 55 Gurgaon India. Ranked among the Top web design company Sector 55 gurgaon india</description>
     <ror:updatePeriod></ror:updatePeriod>
     <ror:sortOrder>3</ror:sortOrder>
     <ror:resourceOf>sitemap</ror:resourceOf>
</item>
<item>
     <link>https://www.bizzeonline.com/website-design-company-sector-56-gurgaon.php</link>
     <title>BizzeOnline | Website Design Company Sector 56 Gurgaon India | Web Design company Sector 56 Gurgaon</title>
     <description>BizzeOnline is Website Design Company In Sector 56 Gurgaon: One of the Best Web Design Company Sector 56 Gurgaon India. Ranked among the Top web design company Sector 56 gurgaon india</description>
     <ror:updatePeriod></ror:updatePeriod>
     <ror:sortOrder>3</ror:sortOrder>
     <ror:resourceOf>sitemap</ror:resourceOf>
</item>
<item>
     <link>https://www.bizzeonline.com/website-design-company-sector-60-gurgaon.php</link>
     <title>BizzeOnline | Website Design Company Sector 60 Gurgaon India | Web Design company Sector 60 Gurgaon</title>
     <description>BizzeOnline is Website Design Company In Sector 60 Gurgaon: One of the Best Web Design Company Sector 60 Gurgaon India. Ranked among the Top web design company Sector 60 gurgaon india</description>
     <ror:updatePeriod></ror:updatePeriod>
     <ror:sortOrder>3</ror:sortOrder>
     <ror:resourceOf>sitemap</ror:resourceOf>
</item>
<item>
     <link>https://www.bizzeonline.com/website-design-company-sector-61-gurgaon.php</link>
     <title>BizzeOnline | Website Design Company Sector 61 Gurgaon India | Web Design company Sector 61 Gurgaon</title>
     <description>BizzeOnline is Website Design Company In Sector 61 Gurgaon: One of the Best Web Design Company Sector 61 Gurgaon India. Ranked among the Top web design company Sector 61 gurgaon india</description>
     <ror:updatePeriod></ror:updatePeriod>
     <ror:sortOrder>3</ror:sortOrder>
     <ror:resourceOf>sitemap</ror:resourceOf>
</item>
<item>
     <link>https://www.bizzeonline.com/website-design-company-railway-road-gurgaon.php</link>
     <title>BizzeOnline | Website Design Company Railway Road Gurgaon India | Web Design company Railway Road Gurgaon</title>
     <description>BizzeOnline is Website Design Company In Railway Road Gurgaon: One of the Best Web Design Company Railway Road Gurgaon India. Ranked among the Top web design company Railway Road gurgaon india</description>
     <ror:updatePeriod></ror:updatePeriod>
     <ror:sortOrder>3</ror:sortOrder>
     <ror:resourceOf>sitemap</ror:resourceOf>
</item>
<item>
     <link>https://www.bizzeonline.com/website-design-company-mg-road-gurgaon.php</link>
     <title>BizzeOnline | Website Design Company MG Road Gurgaon India | Web Design company MG Road Gurgaon</title>
     <description>BizzeOnline is Website Design Company In MG Road Gurgaon: One of the Best Web Design Company MG Road Gurgaon India. Ranked among the Top web design company MG Road gurgaon india</description>
     <ror:updatePeriod></ror:updatePeriod>
     <ror:sortOrder>3</ror:sortOrder>
     <ror:resourceOf>sitemap</ror:resourceOf>
</item>
<item>
     <link>https://www.bizzeonline.com/website-design-company-shona-road-gurgaon.php</link>
     <title>BizzeOnline | Website Design Company Shona Road Gurgaon India | Web Design company Shona Road Gurgaon</title>
     <description>BizzeOnline is Website Design Company In Shona Road Gurgaon: One of the Best Web Design Company Shona Road Gurgaon India. Ranked among the Top web design company Shona Road gurgaon india</description>
     <ror:updatePeriod></ror:updatePeriod>
     <ror:sortOrder>3</ror:sortOrder>
     <ror:resourceOf>sitemap</ror:resourceOf>
</item>
<item>
     <link>https://www.bizzeonline.com/website-design-company-sikanderpur-gurgaon.php</link>
     <title>BizzeOnline | Website Design Company Sikanderpur Gurgaon India | Web Design company Sikanderpur Gurgaon</title>
     <description>BizzeOnline is Website Design Company In Sikanderpur Gurgaon: One of the Best Web Design Company Sikanderpur Gurgaon India. Ranked among the Top web design company Sikanderpur gurgaon india</description>
     <ror:updatePeriod></ror:updatePeriod>
     <ror:sortOrder>3</ror:sortOrder>
     <ror:resourceOf>sitemap</ror:resourceOf>
</item>
<item>
     <link>https://www.bizzeonline.com/website-design-company-golf-course-road-gurgaon.php</link>
     <title>BizzeOnline | Website Design Company Golf Course Road Gurgaon India | Web Design company Gurgaon</title>
     <description>BizzeOnline is Website Design Company In Golf Course Road Gurgaon: One of the Best Web Design Company Golf Course Road Gurgaon India. Ranked among the Top web design company Golf Course Road gurgaon india</description>
     <ror:updatePeriod></ror:updatePeriod>
     <ror:sortOrder>3</ror:sortOrder>
     <ror:resourceOf>sitemap</ror:resourceOf>
</item>
<item>
     <link>https://www.bizzeonline.com/website-design-company-dlf-cyber-city-gurgaon.php</link>
     <title>Website Design Company DLF Cyber City Gurgaon | SEO company DLF Cyber City</title>
     <description>BizzeOnline is Website Design Company In DLF Cyber City Gurgaon: Best SEO Company DLF Cyber City Gurgaon India.</description>
     <ror:updatePeriod></ror:updatePeriod>
     <ror:sortOrder>3</ror:sortOrder>
     <ror:resourceOf>sitemap</ror:resourceOf>
</item>
<item>
     <link>https://www.bizzeonline.com/website-design-company-udyog-vihar-gurgaon.php</link>
     <title>BizzeOnline | Website Design Company Udyog Vihar Gurgaon</title>
     <description>BizzeOnline is Website Design Company In Udyog Vihar Gurgaon. Top SEO Company Udyog Vihar gurgaon. Contact 8178567042 or info@bizzeonline.com</description>
     <ror:updatePeriod></ror:updatePeriod>
     <ror:sortOrder>3</ror:sortOrder>
     <ror:resourceOf>sitemap</ror:resourceOf>
</item>
</channel>
</rss>
  